id,title,price,link
7502631644,GARAGE FOR RENT WIT SPOT FOR VAN,$800,https://newyork.craigslist.org/que/reo/d/south-ozone-park-garage-for-rent-wit/7502631644.html
7502632469,2 BEDROOM FOR RENT IN ROCKWAY BLVD,"$2,500",https://newyork.craigslist.org/que/reo/d/jamaica-bedroom-for-rent-in-rockway-blvd/7502632469.html
7501955727,2 BR APT FOR RENT IN ROCKWAY BLVD,"$2,500",https://newyork.craigslist.org/que/reo/d/jamaica-br-apt-for-rent-in-rockway-blvd/7501955727.html
7501890294,GARAGE FOFR RENT WITH PARKING SPOT AND ONE VAN  ALSO,$800,https://newyork.craigslist.org/que/reo/d/south-ozone-park-garage-fofr-rent-with/7501890294.html
7500286318,BEAUTIFUL 2 BEDROOM HOUSE FOR RENT,"$2,500",https://newyork.craigslist.org/que/reb/d/brooklyn-beautiful-bedroom-house-for/7500286318.html
7499698534,GARAGE FOR STORAGE PLUS ONE VAN,$800,https://newyork.craigslist.org/que/reo/d/south-ozone-park-garage-for-storage/7499698534.html
7504689200,Texas property for ONLY $60k,$0,https://newyork.craigslist.org/mnh/reo/d/leander-texas-property-for-only-60k/7504689200.html
7503966272,☎️NO BROKER FEE☎️PRIME MANHATTAN COMMERCIAL SPACEPRIME MANHATTAN COMMERC,"$29,750",https://newyork.craigslist.org/mnh/reo/d/no-broker-feeprime-manhattan-commercial/7503966272.html
7503963683,☎️NO BROKER FEE☎️PRIME MANHATTAN COMMERCIAL SPACEPRIME MANHATTAN COMMERC,"$11,875",https://newyork.craigslist.org/mnh/reo/d/new-york-no-broker-feeprime-manhattan/7503963683.html
7493327947,☎️NO BROKER FEE☎️PRIME MANHATTAN COMMERCIAL SPACEPRIME MANHATTAN COMMERC,"$5,300",https://newyork.craigslist.org/mnh/reo/d/no-broker-feeprime-manhattan-commercial/7493327947.html
7492881401,☎️NO BROKER FEE☎️PRIME MANHATTAN COMMERCIAL SPACE,"$8,000",https://newyork.craigslist.org/mnh/reo/d/no-broker-feeprime-manhattan-commercial/7492881401.html
7492885831,☎️NO BROKER FEE☎️PRIME MANHATTAN COMMERCIAL SPACE,"$2,000",https://newyork.craigslist.org/mnh/reo/d/new-york-no-broker-feeprime-manhattan/7492885831.html
7493885124,☎️NO BROKER FEE☎️PRIME MANHATTAN COMMERCIAL SPACEPRIME MANHATTAN COMMERC,"$25,000",https://newyork.craigslist.org/mnh/reo/d/no-broker-feeprime-manhattan-commercial/7493885124.html
7493890554,☎️NO BROKER FEE☎️PRIME MANHATTAN COMMERCIAL SPACE,"$5,500",https://newyork.craigslist.org/mnh/reo/d/new-york-no-broker-feeprime-manhattan/7493890554.html
7493908433,☎️NO BROKER FEE☎️PRIME MANHATTAN COMMERCIAL SPACE,"$12,100",https://newyork.craigslist.org/mnh/reo/d/no-broker-feeprime-manhattan-commercial/7493908433.html
7492886762,☎️NO BROKER FEE☎️PRIME MANHATTAN COMMERCIAL SPACE,"$5,300",https://newyork.craigslist.org/mnh/reo/d/no-broker-feeprime-manhattan-commercial/7492886762.html
7496319962,☎️NO BROKER FEE☎️PRIME MANHATTAN COMMERCIAL SPACE,"$27,500",https://newyork.craigslist.org/mnh/reo/d/no-broker-feeprime-manhattan-commercial/7496319962.html
7492884228,☎️NO BROKER FEE☎️PRIME MANHATTAN COMMERCIAL SPACEPRIME MANHATTAN COMMERC,"$12,000",https://newyork.craigslist.org/mnh/reo/d/no-broker-feeprime-manhattan-commercial/7492884228.html
7496317092,☎️NO BROKER FEE☎️PRIME MANHATTAN COMMERCIAL SPACE,"$27,100",https://newyork.craigslist.org/mnh/reo/d/no-broker-feeprime-manhattan-commercial/7496317092.html
7493888250,☎️NO BROKER FEE☎️PRIME MANHATTAN COMMERCIAL SPACE,"$35,300",https://newyork.craigslist.org/mnh/reo/d/new-york-no-broker-feeprime-manhattan/7493888250.html
7496321289,☎️NO BROKER FEE☎️PRIME MANHATTAN COMMERCIAL SPACE,"$35,300",https://newyork.craigslist.org/mnh/reo/d/new-york-no-broker-feeprime-manhattan/7496321289.html
7496318933,☎️NO BROKER FEE☎️PRIME MANHATTAN COMMERCIAL SPACE,"$23,200",https://newyork.craigslist.org/mnh/reo/d/new-york-no-broker-feeprime-manhattan/7496318933.html
7495899319,☎️NO BROKER FEE☎️PRIME MANHATTAN COMMERCIAL SPACE,"$17,100",https://newyork.craigslist.org/mnh/reo/d/no-broker-feeprime-manhattan-commercial/7495899319.html
7496323596,☎️NO BROKER FEE☎️PRIME MANHATTAN COMMERCIAL SPACE,"$66,900",https://newyork.craigslist.org/mnh/reo/d/no-broker-feeprime-manhattan-commercial/7496323596.html
7496318098,☎️NO BROKER FEE☎️PRIME MANHATTAN COMMERCIAL SPACE,"$15,000",https://newyork.craigslist.org/mnh/reo/d/no-broker-feeprime-manhattan-commercial/7496318098.html
7495896020,☎️NO BROKER FEE☎️PRIME MANHATTAN COMMERCIAL SPACE,"$7,500",https://newyork.craigslist.org/mnh/reo/d/no-broker-feeprime-manhattan-commercial/7495896020.html
7496326624,☎️NO BROKER FEE☎️PRIME MANHATTAN COMMERCIAL SPACE  - LOFT/OFFICE,"$24,500",https://newyork.craigslist.org/mnh/reo/d/no-broker-feeprime-manhattan-commercial/7496326624.html
7496322378,☎️NO BROKER FEE☎️PRIME MANHATTAN COMMERCIAL SPACEPRIME MANHATTAN COMMERC,"$12,500",https://newyork.craigslist.org/mnh/reo/d/new-york-no-broker-feeprime-manhattan/7496322378.html
7496324254,☎️NO BROKER FEE☎️PRIME MANHATTAN COMMERCIAL SPACE,"$6,500",https://newyork.craigslist.org/mnh/reo/d/no-broker-feeprime-manhattan-commercial/7496324254.html
7492882163,☎️NO BROKER FEE☎️PRIME MANHATTAN COMMERCIAL SPACE,"$45,000",https://newyork.craigslist.org/mnh/reo/d/new-york-no-broker-feeprime-manhattan/7492882163.html
7496316192,☎️NO BROKER FEE☎️PRIME MANHATTAN COMMERCIAL SPACE,"$3,000",https://newyork.craigslist.org/mnh/reo/d/no-broker-feeprime-manhattan-commercial/7496316192.html
7495900725,☎️NO BROKER FEE☎️PRIME MANHATTAN COMMERCIAL SPACE,"$22,750",https://newyork.craigslist.org/mnh/reo/d/no-broker-feeprime-manhattan-commercial/7495900725.html
7494674918,☎️NO BROKER FEE☎️PRIME MANHATTAN COMMERCIAL SPACE,"$6,000",https://newyork.craigslist.org/mnh/reo/d/no-broker-feeprime-manhattan-commercial/7494674918.html
7495877197,☎️NO BROKER FEE☎️PRIME MANHATTAN COMMERCIAL SPACEPRIME MANHATTAN COMMERC,"$2,000",https://newyork.craigslist.org/mnh/reo/d/no-broker-feeprime-manhattan-commercial/7495877197.html
7495879028,☎️NO BROKER FEE☎️PRIME MANHATTAN COMMERCIAL SPACEPRIME MANHATTAN COMMERC,"$3,500",https://newyork.craigslist.org/mnh/reo/d/new-york-no-broker-feeprime-manhattan/7495879028.html
7495880171,☎️NO BROKER FEE☎️PRIME MANHATTAN COMMERCIAL SPACE,"$2,000",https://newyork.craigslist.org/mnh/reo/d/no-broker-feeprime-manhattan-commercial/7495880171.html
7495873785,☎️NO BROKER FEE☎️PRIME MANHATTAN COMMERCIAL SPACEPRIME MANHATTAN COMMERC,"$6,300",https://newyork.craigslist.org/mnh/reo/d/no-broker-feeprime-manhattan-commercial/7495873785.html
7495875278,☎️NO BROKER FEE☎️PRIME MANHATTAN COMMERCIAL SPACEPRIME MANHATTAN COMMERC,"$6,300",https://newyork.craigslist.org/mnh/reo/d/no-broker-feeprime-manhattan-commercial/7495875278.html
7495876275,☎️NO BROKER FEE☎️PRIME MANHATTAN COMMERCIAL SPACE,"$2,500",https://newyork.craigslist.org/mnh/reo/d/no-broker-feeprime-manhattan-commercial/7495876275.html
7495872351,☎️NO BROKER FEE☎️PRIME MANHATTAN COMMERCIAL SPACEPRIME MANHATTAN COMMERC,"$16,800",https://newyork.craigslist.org/mnh/reo/d/no-broker-feeprime-manhattan-commercial/7495872351.html
7494682069,☎️NO BROKER FEE☎️PRIME MANHATTAN COMMERCIAL SPACERIME MANHATTAN COMMERCI,"$5,100",https://newyork.craigslist.org/mnh/reo/d/no-broker-feeprime-manhattan-commercial/7494682069.html
7494672761,☎️NO BROKER FEE☎️PRIME MANHATTAN COMMERCIAL SPACE,"$16,000",https://newyork.craigslist.org/mnh/reo/d/no-broker-feeprime-manhattan-commercial/7494672761.html
7494672182,☎️NO BROKER FEE☎️PRIME MANHATTAN COMMERCIAL SPACEPRIME MANHATTAN COMMERC,"$7,800",https://newyork.craigslist.org/mnh/reo/d/new-york-no-broker-feeprime-manhattan/7494672182.html
7494666250,☎️NO BROKER FEE☎️PRIME MANHATTAN COMMERCIAL SPACEPRIME MANHATTAN COMMERC,"$22,500",https://newyork.craigslist.org/mnh/reo/d/no-broker-feeprime-manhattan-commercial/7494666250.html
7493905010,☎️NO BROKER FEE☎️PRIME MANHATTAN COMMERCIAL SPACE,"$16,200",https://newyork.craigslist.org/mnh/reo/d/no-broker-feeprime-manhattan-commercial/7493905010.html
7494680733,☎️NO BROKER FEE☎️PRIME MANHATTAN COMMERCIAL SPACE,"$5,400",https://newyork.craigslist.org/mnh/reo/d/no-broker-feeprime-manhattan-commercial/7494680733.html
7494684992,☎️NO BROKER FEE☎️PRIME MANHATTAN COMMERCIAL SPACEPRIME MANHATTAN COMMERC,"$7,700",https://newyork.craigslist.org/mnh/reo/d/new-york-no-broker-feeprime-manhattan/7494684992.html
7494676631,☎️NO BROKER FEE☎️PRIME MANHATTAN COMMERCIAL SPACE,"$6,000",https://newyork.craigslist.org/mnh/reo/d/no-broker-feeprime-manhattan-commercial/7494676631.html
7493328839,☎️NO BROKER FEE☎️PRIME MANHATTAN COMMERCIAL SPACEPRIME MANHATTAN COMMERC,"$20,000",https://newyork.craigslist.org/mnh/reo/d/no-broker-feeprime-manhattan-commercial/7493328839.html
7494211800,☎️NO BROKER FEE☎️PRIME MANHATTAN COMMERCIAL SPACE,"$3,600",https://newyork.craigslist.org/mnh/reo/d/new-york-no-broker-feeprime-manhattan/7494211800.html
7494686253,☎️NO BROKER FEE☎️PRIME MANHATTAN COMMERCIAL SPACE,"$8,700",https://newyork.craigslist.org/mnh/reo/d/no-broker-feeprime-manhattan-commercial/7494686253.html
7493898184,☎️NO BROKER FEE☎️PRIME MANHATTAN COMMERCIAL SPACEPRIME MANHATTAN COMMERC,"$41,200",https://newyork.craigslist.org/mnh/reo/d/no-broker-feeprime-manhattan-commercial/7493898184.html
7493893821,☎️NO BROKER FEE☎️PRIME MANHATTAN COMMERCIAL SPACE,"$12,600",https://newyork.craigslist.org/mnh/reo/d/no-broker-feeprime-manhattan-commercial/7493893821.html
7492891402,☎️NO BROKER FEE☎️PRIME MANHATTAN COMMERCIAL SPACEPRIME MANHATTAN COMMERC,"$21,000",https://newyork.craigslist.org/mnh/reo/d/new-york-no-broker-feeprime-manhattan/7492891402.html
7492888618,☎️NO BROKER FEE☎️PRIME MANHATTAN COMMERCIAL SPACEPRIME MANHATTAN COMMERC,"$20,000",https://newyork.craigslist.org/mnh/reo/d/new-york-no-broker-feeprime-manhattan/7492888618.html
7492889988,☎️NO BROKER FEE☎️PRIME MANHATTAN COMMERCIAL SPACEPRIME MANHATTAN COMMERC,"$4,500",https://newyork.craigslist.org/mnh/reo/d/no-broker-feeprime-manhattan-commercial/7492889988.html
7493901467,☎️NO BROKER FEE☎️PRIME MANHATTAN COMMERCIAL SPACEPRIME MANHATTAN COMMERC,"$6,100",https://newyork.craigslist.org/mnh/reo/d/new-york-no-broker-feeprime-manhattan/7493901467.html
7503833994,Mixed Use development site for sale/Seller will hold paper,"$25,000,000",https://newyork.craigslist.org/mnh/reo/d/new-york-mixed-use-development-site-for/7503833994.html
7493911328,☎️NO BROKER FEE☎️PRIME MANHATTAN COMMERCIAL SPACE,"$7,500",https://newyork.craigslist.org/mnh/reo/d/no-broker-feeprime-manhattan-commercial/7493911328.html
7492885087,☎️NO BROKER FEE☎️PRIME MANHATTAN COMMERCIAL SPACE,"$7,020",https://newyork.craigslist.org/mnh/reo/d/new-york-no-broker-feeprime-manhattan/7492885087.html
7493329672,☎️NO BROKER FEE☎️PRIME MANHATTAN COMMERCIAL SPACE,"$13,000",https://newyork.craigslist.org/mnh/reo/d/no-broker-feeprime-manhattan-commercial/7493329672.html
7493330225,☎️NO BROKER FEE☎️PRIME MANHATTAN COMMERCIAL SPACEPRIME MANHATTAN COMMERC,"$75,700",https://newyork.craigslist.org/mnh/reo/d/no-broker-feeprime-manhattan-commercial/7493330225.html
7493330011,☎️NO BROKER FEE☎️PRIME MANHATTAN COMMERCIAL SPACEPRIME MANHATTAN COMMERC,"$13,000",https://newyork.craigslist.org/mnh/reo/d/no-broker-feeprime-manhattan-commercial/7493330011.html
7493329381,☎️NO BROKER FEE☎️PRIME MANHATTAN COMMERCIAL SPACE,"$8,900",https://newyork.craigslist.org/mnh/reo/d/no-broker-feeprime-manhattan-commercial/7493329381.html
7493330460,☎️NO BROKER FEE☎️PRIME MANHATTAN COMMERCIAL SPACE,"$23,200",https://newyork.craigslist.org/mnh/reo/d/no-broker-feeprime-manhattan-commercial/7493330460.html
7493328270,☎️NO BROKER FEE☎️PRIME MANHATTAN COMMERCIAL SPACE,"$15,000",https://newyork.craigslist.org/mnh/reo/d/no-broker-feeprime-manhattan-commercial/7493328270.html
7493328616,☎️NO BROKER FEE☎️PRIME MANHATTAN COMMERCIAL SPACEPRIME MANHATTAN COMMERC,"$2,000",https://newyork.craigslist.org/mnh/reo/d/no-broker-feeprime-manhattan-commercial/7493328616.html
7492521039,☎️NO BROKER FEE☎️PRIME MANHATTAN COMMERCIAL SPACEPRIME MANHATTAN COMMERC,"$13,600",https://newyork.craigslist.org/mnh/reo/d/new-york-no-broker-feeprime-manhattan/7492521039.html
7492518869,☎️NO BROKER FEE☎️PRIME MANHATTAN COMMERCIAL SPACEPRIME MANHATTAN COMMERC,"$9,960",https://newyork.craigslist.org/mnh/reo/d/new-york-no-broker-feeprime-manhattan/7492518869.html
7492521466,☎️NO BROKER FEE☎️PRIME MANHATTAN COMMERCIAL SPACEPRIME MANHATTAN COMMERC,"$95,600",https://newyork.craigslist.org/mnh/reo/d/no-broker-feeprime-manhattan-commercial/7492521466.html
7493329173,☎️NO BROKER FEE☎️PRIME MANHATTAN COMMERCIAL SPACE,"$5,600",https://newyork.craigslist.org/mnh/reo/d/no-broker-feeprime-manhattan-commercial/7493329173.html
7492517952,☎️NO BROKER FEE☎️PRIME MANHATTAN COMMERCIAL SPACEPRIME MANHATTAN COMMERC,"$90,237",https://newyork.craigslist.org/mnh/reo/d/new-york-no-broker-feeprime-manhattan/7492517952.html
7492519849,☎️NO BROKER FEE☎️PRIME MANHATTAN COMMERCIAL SPACEPRIME MANHATTAN COMMERC,"$40,900",https://newyork.craigslist.org/mnh/reo/d/no-broker-feeprime-manhattan-commercial/7492519849.html
7494242375,☎️NO BROKER FEE☎️PRIME MANHATTAN COMMERCIAL SPACE,"$72,300",https://newyork.craigslist.org/mnh/reo/d/no-broker-feeprime-manhattan-commercial/7494242375.html
7494240353,☎️NO BROKER FEE☎️PRIME MANHATTAN COMMERCIAL SPACE,"$36,300",https://newyork.craigslist.org/mnh/reo/d/no-broker-feeprime-manhattan-commercial/7494240353.html
7494238370,☎️NO BROKER FEE☎️PRIME MANHATTAN COMMERCIAL SPACE,"$4,100",https://newyork.craigslist.org/mnh/reo/d/no-broker-feeprime-manhattan-commercial/7494238370.html
7494236803,☎️NO BROKER FEE☎️PRIME MANHATTAN COMMERCIAL SPACE,"$7,700",https://newyork.craigslist.org/mnh/reo/d/new-york-no-broker-feeprime-manhattan/7494236803.html
7494235650,☎️NO BROKER FEE☎️PRIME MANHATTAN COMMERCIAL SPACE,"$3,500",https://newyork.craigslist.org/mnh/reo/d/no-broker-feeprime-manhattan-commercial/7494235650.html
7494246127,☎️NO BROKER FEE☎️PRIME MANHATTAN COMMERCIAL SPACE,"$15,000",https://newyork.craigslist.org/mnh/reo/d/new-york-no-broker-feeprime-manhattan/7494246127.html
7494254032,☎️NO BROKER FEE☎️PRIME MANHATTAN COMMERCIAL SPACEPRIME MANHATTAN COMMERC,"$16,700",https://newyork.craigslist.org/mnh/reo/d/new-york-no-broker-feeprime-manhattan/7494254032.html
7494247324,☎️NO BROKER FEE☎️PRIME MANHATTAN COMMERCIAL SPACEPRIME MANHATTAN COMMERC,"$24,600",https://newyork.craigslist.org/mnh/reo/d/no-broker-feeprime-manhattan-commercial/7494247324.html
7492524819,☎️NO BROKER FEE☎️PRIME MANHATTAN COMMERCIAL SPACE,"$6,500",https://newyork.craigslist.org/mnh/reo/d/new-york-no-broker-feeprime-manhattan/7492524819.html
7494252347,☎️NO BROKER FEE☎️PRIME MANHATTAN COMMERCIAL SPACEPRIME MANHATTAN COMMERC,"$26,400",https://newyork.craigslist.org/mnh/reo/d/no-broker-feeprime-manhattan-commercial/7494252347.html
7492525945,☎️NO BROKER FEE☎️PRIME MANHATTAN COMMERCIAL SPACE,"$39,400",https://newyork.craigslist.org/mnh/reo/d/new-york-no-broker-feeprime-manhattan/7492525945.html
7492522363,☎️NO BROKER FEE☎️PRIME MANHATTAN COMMERCIAL SPACE,"$7,000",https://newyork.craigslist.org/mnh/reo/d/no-broker-feeprime-manhattan-commercial/7492522363.html
7492525608,☎️NO BROKER FEE☎️PRIME MANHATTAN COMMERCIAL SPACE,"$3,600",https://newyork.craigslist.org/mnh/reo/d/new-york-no-broker-feeprime-manhattan/7492525608.html
7492522977,☎️NO BROKER FEE☎️PRIME MANHATTAN COMMERCIAL SPACE,"$28,300",https://newyork.craigslist.org/mnh/reo/d/no-broker-feeprime-manhattan-commercial/7492522977.html
7494243712,☎️NO BROKER FEE☎️PRIME MANHATTAN COMMERCIAL SPACE,"$8,000",https://newyork.craigslist.org/mnh/reo/d/no-broker-feeprime-manhattan-commercial/7494243712.html
7504662245,"Dumpsters available- 10, 15, 20, 30, and 40 yard dumpster rentals",$450,https://newyork.craigslist.org/lgi/reo/d/elmont-dumpsters-available-and-40-yard/7504662245.html
7499943458,CT Home Inspection Services,$0,https://newyork.craigslist.org/fct/reo/d/westport-ct-home-inspection-services/7499943458.html
7504674599,☎️NO BROKER FEE☎️PRIME MANHATTAN COMMERCIAL SPACE,"$39,200",https://newyork.craigslist.org/mnh/reo/d/new-york-no-broker-feeprime-manhattan/7504674599.html
7493140608,$1850 astoria  can be used as 2 Bed 12minute walk to subway,"$1,850",https://newyork.craigslist.org/que/reo/d/1850-astoria-can-be-used-as-bed/7493140608.html
7500819498,$1850 astoria  can be used as 2 Bed 12minute walk to subway,"$1,850",https://newyork.craigslist.org/que/reo/d/1850-astoria-can-be-used-as-bed/7500819498.html
7504664093,☎️NO BROKER FEE☎️PRIME MANHATTAN COMMERCIAL SPACE,"$21,500",https://newyork.craigslist.org/mnh/reo/d/new-york-no-broker-feeprime-manhattan/7504664093.html
7497028169,3 bedroom 2 bathroom House,"$9,500",https://newyork.craigslist.org/mnh/reo/d/rouseville-bedroom-bathroom-house/7497028169.html
7504661481,☎️NO BROKER FEE☎️PRIME MANHATTAN COMMERCIAL SPACE,"$15,125",https://newyork.craigslist.org/mnh/reo/d/new-york-no-broker-feeprime-manhattan/7504661481.html
7504661115,3 Bed Flushing only $2000,"$2,000",https://newyork.craigslist.org/que/reb/d/flushing-bed-flushing-only-2000/7504661115.html
7503169616,DETACHED HOUSE 3BR / 2BA - $ 4795. / MO.  JAMAICA ESTATES / HOLLISWOOD,"$4,795",https://newyork.craigslist.org/que/reo/d/hollis-detached-house-3br-2ba-mo/7503169616.html
7503170856,DETACHED HOUSE 3BR / 2BA - $ 4795. / MO.  JAMAICA ESTATES / HOLLISWOOD,"$4,795",https://newyork.craigslist.org/que/reo/d/hollis-detached-house-3br-2ba-mo/7503170856.html
7502708532,"Commercial Property-Businesses and Residence, Must Sell, Windsor NY","$160,000",https://newyork.craigslist.org/jsy/reo/d/windsor-commercial-property-businesses/7502708532.html
7504656818,☎️NO BROKER FEE☎️PRIME MANHATTAN COMMERCIAL SPACEPRIME MANHATTAN COMMERC,"$31,250",https://newyork.craigslist.org/mnh/reo/d/no-broker-feeprime-manhattan-commercial/7504656818.html
7502102909,Beautiful workshop,$300,https://newyork.craigslist.org/brk/reo/d/brooklyn-beautiful-workshop/7502102909.html
7504654432,☎️NO BROKER FEE☎️PRIME MANHATTAN COMMERCIAL SPACEPRIME MANHATTAN COMMERC,"$16,500",https://newyork.craigslist.org/mnh/reo/d/new-york-no-broker-feeprime-manhattan/7504654432.html
7504653411,525k 1br/1bth coop. roof access. Prime Brooklyn heights,"$525,000",https://newyork.craigslist.org/brk/reo/d/brooklyn-525k-1br-1bth-coop-roof-access/7504653411.html
7504653190,Studio apartment for sale .BY Owner .Hard of Forest Hills .,"$245,000",https://newyork.craigslist.org/que/reo/d/forest-hills-studio-apartment-for-sale/7504653190.html
7504649496,☎️NO BROKER FEE☎️PRIME MANHATTAN COMMERCIAL SPACEPRIME MANHATTAN COMMERC,"$35,000",https://newyork.craigslist.org/mnh/reo/d/new-york-no-broker-feeprime-manhattan/7504649496.html
7492991568,"404 East 66 Street, studio on the 6th floor","$515,000",https://newyork.craigslist.org/mnh/reb/d/new-york-404-east-66-street-studio-on/7492991568.html
7492995448,2717 East 28th Street 2 bed Co-op,"$359,000",https://newyork.craigslist.org/brk/reb/d/brooklyn-2717-east-28th-street-bed-co-op/7492995448.html
7492996503,1260 Avenue Y. 3 bed/3 bath Condo with basement,"$830,000",https://newyork.craigslist.org/brk/reb/d/brooklyn-1260-avenue-3-bed-bath-condo/7492996503.html
7492996462,"527 Avenue X, huge 1 bed Co-op","$290,000",https://newyork.craigslist.org/brk/reb/d/brooklyn-527-avenue-huge-bed-co-op/7492996462.html
7492996517,"3655 Shore PKWY, Brooklyn, NY 11235","$239,000",https://newyork.craigslist.org/brk/reb/d/brooklyn-3655-shore-pkwy-brooklyn-ny/7492996517.html
7492996531,"3655 Shore PKWY, 2 Bed Co-op","$220,000",https://newyork.craigslist.org/brk/reb/d/brooklyn-3655-shore-pkwy-bed-co-op/7492996531.html
7493002544,3145 Brighton 4 Street 2 bed Co-op,"$420,000",https://newyork.craigslist.org/brk/reb/d/brooklyn-3145-brighton-street-bed-co-op/7493002544.html
7504642772,☎️NO BROKER FEE☎️PRIME MANHATTAN COMMERCIAL SPACEPRIME MANHATTAN COMMERC,"$10,600",https://newyork.craigslist.org/mnh/reo/d/no-broker-feeprime-manhattan-commercial/7504642772.html
7504637908,☎️NO BROKER FEE☎️PRIME MANHATTAN COMMERCIAL SPACEPRIME MANHATTAN COMMERC,"$31,500",https://newyork.craigslist.org/mnh/reo/d/new-york-no-broker-feeprime-manhattan/7504637908.html
7504637384,E91 - ABSOLUTE STEAL! BRIGHT__MODERN_1 BR__ELEV__DM,"$3,000",https://newyork.craigslist.org/mnh/reb/d/new-york-e91-absolute-steal/7504637384.html
7504637085,E46- GREAT INVESTMENT / FUTURE HOME,"$755,000",https://newyork.craigslist.org/mnh/reb/d/new-york-e46-great-investment-future/7504637085.html
7504636908,★E80 ★ BRIGHT * SPACIOUS * HIGH FLOOR * JR 4 W/ 1 1/2 BATHS & TERRACE,"$5,400",https://newyork.craigslist.org/mnh/reb/d/new-york-e80-bright-spacious-high-floor/7504636908.html
7504636665,E68 - OLD WORLD CHARM WITH MODERN CONVENIENCES,"$3,195",https://newyork.craigslist.org/mnh/reb/d/new-york-e68-old-world-charm-with/7504636665.html
7504635106,☎️NO BROKER FEE☎️PRIME MANHATTAN COMMERCIAL SPACEPRIME MANHATTAN COMMERC,"$166,000",https://newyork.craigslist.org/mnh/reo/d/no-broker-feeprime-manhattan-commercial/7504635106.html
7502397833,Spacious 2 Bed/1 Bath In Kensington Elevator Building With Laundry!,"$2,925",https://newyork.craigslist.org/brk/reb/d/brooklyn-spacious-bed-bath-in/7502397833.html
7504631578,☎️NO BROKER FEE☎️PRIME MANHATTAN COMMERCIAL SPACEPRIME MANHATTAN COMMERC,"$36,300",https://newyork.craigslist.org/mnh/reo/d/new-york-no-broker-feeprime-manhattan/7504631578.html
7493175147,GARAGE/STORAGE for one car,"$69,000",https://newyork.craigslist.org/que/reo/d/flushing-garage-storage-for-one-car/7493175147.html
7497666262,FLUSHING PRIVATE (1 CAR) GARAGE/STORAGE FOR SALE,"$69,000",https://newyork.craigslist.org/que/reo/d/flushing-flushing-private-car-garage/7497666262.html
7498583129,Renovated Jr. 1 br near transportation and shops!,"$1,750",https://newyork.craigslist.org/que/reb/d/bronx-renovated-jr-br-near/7498583129.html
7498578387,Renovated Jr. 1 br near transportation and shops!,"$1,750",https://newyork.craigslist.org/que/reb/d/bronx-renovated-jr-br-near/7498578387.html
7499703188,Renovated 1 br near transportation and shops!,"$1,800",https://newyork.craigslist.org/que/reb/d/new-york-renovated-br-near/7499703188.html
7504622038,BEAUTIFUL TWO BEDROOM H&H INCLUDED BAYCHESTER AREA,"$2,200",https://newyork.craigslist.org/brx/reo/d/bronx-beautiful-two-bedroom-hh-included/7504622038.html
7504621785,LAND Unique Development Opportunity! in MI,"$27,900",https://newyork.craigslist.org/brk/reb/d/brooklyn-land-unique-development/7504621785.html
7504621666,Attention Investors Nationwide! Unique Development Opportunity!,"$27,900",https://newyork.craigslist.org/que/reb/d/queens-village-attention-investors/7504621666.html
7504621636,BEAUTIFUL THREE BEDROOM,"$2,300",https://newyork.craigslist.org/brx/reo/d/bronx-beautiful-three-bedroom/7504621636.html
7504621533,Attention Investors Nationwide! Unique Development Opportunity!,"$27,900",https://newyork.craigslist.org/lgi/reb/d/manhasset-attention-investors/7504621533.html
7504604245,3 bed apt for rent,"$2,500",https://newyork.craigslist.org/que/reo/d/flushing-bed-apt-for-rent/7504604245.html
7504621043,BEAUTIFUL TWO BEDROOM INCLUDED ALL UTILITIES,"$1,700",https://newyork.craigslist.org/brx/reo/d/bronx-beautiful-two-bedroom-included/7504621043.html
7504620862,E83 - UPTOWN OASIS..LARGE 2 BR 2 BATH W/D D/W PRIV GARDEN,"$4,295",https://newyork.craigslist.org/mnh/reb/d/new-york-e83-uptown-oasislarge-br-bath/7504620862.html
7495400306,"5 bedroom, 4+ baths, + inlaw apt","$1,200,000",https://newyork.craigslist.org/wch/reo/d/irvington-bedroom-baths-inlaw-apt/7495400306.html
7497215340,2 FAMILY FOR SALE*RENT TO OWN*LOW RATE*VACANT,"$950,000",https://newyork.craigslist.org/que/reo/d/fresh-meadows-family-for-salerent-to/7497215340.html
7497218340,SPACIOUS SINGLE HOUSE FOR SALE*RENT TO OWN ARE WELCOME,"$110,000",https://newyork.craigslist.org/lgi/reo/d/rome-spacious-single-house-for-salerent/7497218340.html
7497220984,SPACIOUS SINGLE HOUSE FOR SALE*RENT TO OWN ARE WELCOME,"$110,000",https://newyork.craigslist.org/lgi/reo/d/rome-spacious-single-house-for-salerent/7497220984.html
7497222005,2 FAMILY INVESTMENT HOUSE FOR SALE* CASH BUYERS ONLY,"$950,000",https://newyork.craigslist.org/que/reo/d/fresh-meadows-family-investment-house/7497222005.html
7497221503,SPACIOUS SINGLE HOUSE FOR SALE*RENT TO OWN ARE WELCOME,"$110,000",https://newyork.craigslist.org/wch/reo/d/rome-spacious-single-house-for-salerent/7497221503.html
7500234938,Amazing House For Sale in Schenectady*Renovate*Rent To Own Are Welcome,"$200,000",https://newyork.craigslist.org/brx/reo/d/schenectady-amazing-house-for-sale-in/7500234938.html
7500235058,Single House For Sale in Schenectady*Renovate*Rent To Own Are Welcome,"$200,000",https://newyork.craigslist.org/mnh/reo/d/schenectady-single-house-for-sale-in/7500235058.html
7500235161,Single House For sale*Renovate*Rent to Own are Welcome,"$200,000",https://newyork.craigslist.org/brk/reo/d/schenectady-single-house-for/7500235161.html
7504608167,Studio for rent  todo incluido,"$1,650",https://newyork.craigslist.org/que/reo/d/jackson-heights-studio-for-rent-todo/7504608167.html
7504613780,"*** Huge, Bright 2 Bedroom Near Major Hospital***","$2,000",https://newyork.craigslist.org/brx/reb/d/bronx-huge-bright-bedroom-near-major/7504613780.html
7504613446,"*** Huge, Bright 2 Bedroom Near Major Hospital***","$2,000",https://newyork.craigslist.org/brx/reb/d/bronx-huge-bright-bedroom-near-major/7504613446.html
7504612559,"*** Huge, Bright 2 Bedroom Near Major Hospital***","$2,000",https://newyork.craigslist.org/brx/reb/d/bronx-huge-bright-bedroom-near-major/7504612559.html
7504612487,"*** Huge, Bright 2 Bedroom Near Major Hospital***","$2,000",https://newyork.craigslist.org/brx/reb/d/bronx-huge-bright-bedroom-near-major/7504612487.html
7501956916,****1 Bedroom Near Bronx/Yonkers****,"$1,625",https://newyork.craigslist.org/wch/reb/d/yonkers-bedroom-near-bronx-yonkers/7501956916.html
7504612420,"*** Huge, Bright 2 Bedroom Near Major Hospital***","$2,000",https://newyork.craigslist.org/brx/reb/d/bronx-huge-bright-bedroom-near-major/7504612420.html
7501957020,"*** Huge, Bright 2 Bedroom Near Major Hospital***","$2,000",https://newyork.craigslist.org/brx/reb/d/bronx-huge-bright-bedroom-near-major/7501957020.html
7501956683,****Huge 1 Bedroom near Glenwood Metro-North*****,"$1,650",https://newyork.craigslist.org/wch/reb/d/yonkers-huge-bedroom-near-glenwood/7501956683.html
7501956612,"*** Huge, Bright 2 Bedroom Near Major Hospital***","$2,000",https://newyork.craigslist.org/brx/reb/d/bronx-huge-bright-bedroom-near-major/7501956612.html
7501956533,Room for Hospital staff,$950,https://newyork.craigslist.org/brx/reb/d/bronx-room-for-hospital-staff/7501956533.html
7501955015,***Large 3 Bedroom North Riverdale***,"$2,442",https://newyork.craigslist.org/brx/reb/d/bronx-large-bedroom-north-riverdale/7501955015.html
7501954866,***Large 3 Bedroom North Riverdale***,"$2,442",https://newyork.craigslist.org/brx/reb/d/bronx-large-bedroom-north-riverdale/7501954866.html
7504612285,"*** Huge, Bright 2 Bedroom Near Major Hospital***","$2,000",https://newyork.craigslist.org/brx/reb/d/bronx-huge-bright-bedroom-near-major/7504612285.html
7501954789,***Huge 1 Bedroom Great Location***,"$2,050",https://newyork.craigslist.org/brx/reb/d/bronx-huge-bedroom-great-location/7501954789.html
7501954692,***Large 3 Bedroom North Riverdale***,"$2,442",https://newyork.craigslist.org/brx/reb/d/bronx-large-bedroom-north-riverdale/7501954692.html
7504612157,"*** Huge, Bright 2 Bedroom Near Major Hospital***","$2,000",https://newyork.craigslist.org/brx/reb/d/bronx-huge-bright-bedroom-near-major/7504612157.html
7501954523,Spacious Room for rent Great Location,$900,https://newyork.craigslist.org/brx/reb/d/bronx-spacious-room-for-rent-great/7501954523.html
7499094659,Spacious Room for rent Great Location,$900,https://newyork.craigslist.org/brx/reb/d/bronx-spacious-room-for-rent-great/7499094659.html
7504612025,RENTAL SPECIALS ON YONKERS WATERFRONT AND MORE!!!,"$1,899",https://newyork.craigslist.org/wch/reb/d/yonkers-rental-specials-on-yonkers/7504612025.html
7499279865,HUGE LUXURY 1 BED  2100 DOORMAN GYM LUX LIFE!!,"$2,183",https://newyork.craigslist.org/wch/reb/d/yonkers-huge-luxury-bed-2100-doorman/7499279865.html
7499282630,***Large 3 Bedroom North Riverdale***,"$2,442",https://newyork.craigslist.org/brx/reb/d/bronx-large-bedroom-north-riverdale/7499282630.html
7498148814,"*** Huge, Bright 2 Bedroom Near Major Hospital***","$1,900",https://newyork.craigslist.org/brx/reb/d/bronx-huge-bright-bedroom-near-major/7498148814.html
7498148703,****1 Bedroom Near Bronx/Yonkers****,"$1,625",https://newyork.craigslist.org/wch/reb/d/yonkers-bedroom-near-bronx-yonkers/7498148703.html
7498136038,3 Bedroom Quiet Location,"$2,750",https://newyork.craigslist.org/brx/reb/d/bronx-bedroom-quiet-location/7498136038.html
7499282870,***Large 3 Bedroom North Riverdale***,"$2,442",https://newyork.craigslist.org/brx/reb/d/bronx-large-bedroom-north-riverdale/7499282870.html
7499282931,HUGE LUXURY 1 BED  2100 DOORMAN GYM LUX LIFE!!,"$2,183",https://newyork.craigslist.org/wch/reb/d/yonkers-huge-luxury-bed-2100-doorman/7499282931.html
7499285126,Spacious Room for rent Great Location,$900,https://newyork.craigslist.org/brx/reb/d/bronx-spacious-room-for-rent-great/7499285126.html
7499285429,HUGE LUXURY 1 BED  2100 DOORMAN GYM LUX LIFE!!,"$2,183",https://newyork.craigslist.org/wch/reb/d/yonkers-huge-luxury-bed-2100-doorman/7499285429.html
7499282815,LARGE 2 BED NEAR HUNTS POINT,"$1,750",https://newyork.craigslist.org/brx/reb/d/bronx-large-bed-near-hunts-point/7499282815.html
7499282721,"*** Huge, Bright 2 Bedroom Near Major Hospital***","$2,000",https://newyork.craigslist.org/brx/reb/d/bronx-huge-bright-bedroom-near-major/7499282721.html
7499279988,HUGE LUXURY 1 BED  2100 DOORMAN GYM LUX LIFE!!,"$2,100",https://newyork.craigslist.org/wch/reb/d/yonkers-huge-luxury-bed-2100-doorman/7499279988.html
7501923005,***Huge 1 Bedroom Great Location***,"$2,050",https://newyork.craigslist.org/brx/reb/d/bronx-huge-bedroom-great-location/7501923005.html
7501922874,Room for Hospital staff,$950,https://newyork.craigslist.org/brx/reb/d/bronx-room-for-hospital-staff/7501922874.html
7501922782,Room for Hospital staff,$950,https://newyork.craigslist.org/brx/reb/d/bronx-room-for-hospital-staff/7501922782.html
7501922604,***Large 3 Bedroom North Riverdale***,"$2,442",https://newyork.craigslist.org/brx/reb/d/bronx-large-bedroom-north-riverdale/7501922604.html
7501922479,Spacious Room for rent Great Location,$900,https://newyork.craigslist.org/brx/reb/d/bronx-spacious-room-for-rent-great/7501922479.html
7501917966,***Huge 1 Bedroom Great Location***,"$2,050",https://newyork.craigslist.org/brx/reb/d/bronx-huge-bedroom-great-location/7501917966.html
7501917773,***Huge 1 Bedroom Great Location***,"$2,050",https://newyork.craigslist.org/brx/reb/d/bronx-huge-bedroom-great-location/7501917773.html
7501917673,Spacious Room for rent Great Location,$900,https://newyork.craigslist.org/brx/reb/d/bronx-spacious-room-for-rent-great/7501917673.html
7501917542,Spacious Room for rent Great Location,$900,https://newyork.craigslist.org/brx/reb/d/bronx-spacious-room-for-rent-great/7501917542.html
7501916020,***Large 3 Bedroom North Riverdale***,"$2,442",https://newyork.craigslist.org/brx/reb/d/bronx-large-bedroom-north-riverdale/7501916020.html
7501915921,"*** Huge, Bright 2 Bedroom Near Major Hospital***","$2,000",https://newyork.craigslist.org/brx/reb/d/bronx-huge-bright-bedroom-near-major/7501915921.html
7501915436,Spacious Room for rent Great Location,$900,https://newyork.craigslist.org/brx/reb/d/bronx-spacious-room-for-rent-great/7501915436.html
7501915097,****Huge 1 Bedroom near Glenwood Metro-North*****,"$1,650",https://newyork.craigslist.org/wch/reb/d/yonkers-huge-bedroom-near-glenwood/7501915097.html
7501914506,Room for Hospital staff,$950,https://newyork.craigslist.org/brx/reb/d/bronx-room-for-hospital-staff/7501914506.html
7499285608,Room for Hospital staff,$950,https://newyork.craigslist.org/brx/reb/d/bronx-room-for-hospital-staff/7499285608.html
7499285709,***Large 3 Bedroom North Riverdale***,"$2,442",https://newyork.craigslist.org/brx/reb/d/bronx-large-bedroom-north-riverdale/7499285709.html
7492897471,Present all offers!! - HOUSEBOAT in MINT condition!!,"$299,000",https://newyork.craigslist.org/que/reb/d/howard-beach-present-all-offers/7492897471.html
7499279787,Spacious Studio for Sale- Great Deal,"$150,000",https://newyork.craigslist.org/brx/reb/d/bronx-spacious-studio-for-sale-great/7499279787.html
7498141026,***Large 3 Bedroom North Riverdale***,"$2,442",https://newyork.craigslist.org/brx/reb/d/bronx-large-bedroom-north-riverdale/7498141026.html
7498141127,3 Bedroom Quiet Location,"$2,750",https://newyork.craigslist.org/brx/reb/d/bronx-bedroom-quiet-location/7498141127.html
7498143265,Room for Hospital staff,$950,https://newyork.craigslist.org/brx/reb/d/bronx-room-for-hospital-staff/7498143265.html
7498143404,3 Bedroom Quiet Location,"$2,750",https://newyork.craigslist.org/brx/reb/d/bronx-bedroom-quiet-location/7498143404.html
7498143552,3 Bedroom Quiet Location,"$2,750",https://newyork.craigslist.org/brx/reb/d/bronx-bedroom-quiet-location/7498143552.html
7499455508,Huge 1 bedroom  MT. Vernon,"$1,600",https://newyork.craigslist.org/wch/reb/d/mount-vernon-huge-bedroom-mt-vernon/7499455508.html
7499768356,***Huge 1 Bedroom Great Location***,"$2,050",https://newyork.craigslist.org/brx/reb/d/bronx-huge-bedroom-great-location/7499768356.html
7503153389,self storage Development Opportunity,"$2,600,000",https://newyork.craigslist.org/fct/reo/d/self-storage-development-opportunity/7503153389.html
7499767562,Spacious Room for rent Great Location,$900,https://newyork.craigslist.org/brx/reb/d/bronx-spacious-room-for-rent-great/7499767562.html
7499766669,***Spacious Sun-Filled 2 Bedroom near Husdson River***,"$2,000",https://newyork.craigslist.org/wch/reb/d/yonkers-spacious-sun-filled-bedroom/7499766669.html
7496820418,Commercial/ Light ind. development site,"$2,600,000",https://newyork.craigslist.org/fct/reo/d/commercial-light-ind-development-site/7496820418.html
7496820087,Commercial/ Light ind. development site,"$2,600,000",https://newyork.craigslist.org/fct/reo/d/commercial-light-ind-development-site/7496820087.html
7496819883,self storage Development Opportunity,"$2,600,000",https://newyork.craigslist.org/fct/reo/d/self-storage-development-opportunity/7496819883.html
7499341971,2 bedroom apartment for Sale on (Sheepshead Bay (Brooklyn)),"$395,000",https://newyork.craigslist.org/brk/reo/d/brooklyn-bedroom-apartment-for-sale-on/7499341971.html
7499766117,"*** Huge, Bright 2 Bedroom Near Major Hospital***","$2,000",https://newyork.craigslist.org/brx/reb/d/bronx-huge-bright-bedroom-near-major/7499766117.html
7499765513,***Huge 1 Bedroom Great Location***,"$2,050",https://newyork.craigslist.org/brx/reb/d/bronx-huge-bedroom-great-location/7499765513.html
7499763790,Huge 1 bedroom  MT. Vernon,"$1,600",https://newyork.craigslist.org/wch/reb/d/mount-vernon-huge-bedroom-mt-vernon/7499763790.html
7499763512,Spacious Room for rent Great Location,$900,https://newyork.craigslist.org/brx/reb/d/bronx-spacious-room-for-rent-great/7499763512.html
7499760730,"*** Huge, Bright 2 Bedroom Near Major Hospital***","$2,000",https://newyork.craigslist.org/brx/reb/d/bronx-huge-bright-bedroom-near-major/7499760730.html
7498590948,By Owner 2 bedroom apartment for Sale on (Sheepshead Bay (Brooklyn)),"$395,000",https://newyork.craigslist.org/mnh/reo/d/brooklyn-by-owner-bedroom-apartment-for/7498590948.html
7501796793,Commercial/ Light ind. development site,"$2,600,000",https://newyork.craigslist.org/fct/reo/d/commercial-light-ind-development-site/7501796793.html
7499760641,HUGE LUXURY 1 BED  2100 DOORMAN GYM LUX LIFE!!,"$2,183",https://newyork.craigslist.org/wch/reb/d/yonkers-huge-luxury-bed-2100-doorman/7499760641.html
7499751556,***Large 3 Bedroom North Riverdale***,"$2,442",https://newyork.craigslist.org/brx/reb/d/bronx-large-bedroom-north-riverdale/7499751556.html
7498593896,Price Reduced 2 bedroom apartment  (Sheepshead Bay (Brooklyn),"$395,000",https://newyork.craigslist.org/que/reo/d/brooklyn-price-reduced-bedroom/7498593896.html
7499751465,Room for Hospital staff,$950,https://newyork.craigslist.org/brx/reb/d/bronx-room-for-hospital-staff/7499751465.html
7495375368,Spacious 3 Bedroom w/Back Yard!,"$2,000",https://newyork.craigslist.org/stn/reb/d/staten-island-spacious-bedroom-back-yard/7495375368.html
7493112811,***Huge 1 Bedroom Great Location***,"$2,050",https://newyork.craigslist.org/brx/reb/d/bronx-huge-bedroom-great-location/7493112811.html
7499749497,HUGE LUXURY 1 BED  2100 DOORMAN GYM LUX LIFE!!,"$2,183",https://newyork.craigslist.org/wch/reb/d/yonkers-huge-luxury-bed-2100-doorman/7499749497.html
7495379220,Beautiful 1 Bedroom Apartment on the Beach!,"$1,350",https://newyork.craigslist.org/stn/reb/d/staten-island-beautiful-bedroom/7495379220.html
7503911184,"Cute, Clean, Newly Renovated, Studio","$1,100",https://newyork.craigslist.org/stn/reb/d/staten-island-cute-clean-newly/7503911184.html
7499749053,***Large 3 Bedroom North Riverdale***,"$2,442",https://newyork.craigslist.org/brx/reb/d/bronx-large-bedroom-north-riverdale/7499749053.html
7497858811,***Spacious Sun-Filled 2 Bedroom near Husdson River***,"$2,000",https://newyork.craigslist.org/wch/reb/d/yonkers-spacious-sun-filled-bedroom/7497858811.html
7497863039,***Spacious Sun-Filled 2 Bedroom near Husdson River***,"$2,000",https://newyork.craigslist.org/wch/reb/d/yonkers-spacious-sun-filled-bedroom/7497863039.html
7497862195,***Huge 1 Bedroom Great Location***,"$2,050",https://newyork.craigslist.org/brx/reb/d/bronx-huge-bedroom-great-location/7497862195.html
7497862032,3 Bedroom Quiet Location,"$2,750",https://newyork.craigslist.org/brx/reb/d/bronx-bedroom-quiet-location/7497862032.html
7497863236,***Large 3 Bedroom North Riverdale***,"$2,442",https://newyork.craigslist.org/brx/reb/d/bronx-large-bedroom-north-riverdale/7497863236.html
7497861901,***Huge 1 Bedroom Great Location***,"$2,050",https://newyork.craigslist.org/brx/reb/d/bronx-huge-bedroom-great-location/7497861901.html
7497863331,3 Bedroom Quiet Location,"$2,750",https://newyork.craigslist.org/brx/reb/d/bronx-bedroom-quiet-location/7497863331.html
7496363255,Atlantic Palace Timeshare Week,$387,https://newyork.craigslist.org/mnh/reo/d/atlantic-city-atlantic-palace-timeshare/7496363255.html
7497863482,3 Bedroom Quiet Location,"$2,750",https://newyork.craigslist.org/brx/reb/d/bronx-bedroom-quiet-location/7497863482.html
7497866071,***Spacious Sun-Filled 2 Bedroom near Husdson River***,"$2,000",https://newyork.craigslist.org/wch/reb/d/yonkers-spacious-sun-filled-bedroom/7497866071.html
7497866151,Room for Hospital staff,$950,https://newyork.craigslist.org/brx/reb/d/bronx-room-for-hospital-staff/7497866151.html
7493194963,Room for Hospital staff,$950,https://newyork.craigslist.org/brx/reb/d/bronx-room-for-hospital-staff/7493194963.html
7493195387,***Huge 1 Bedroom Great Location***,"$2,050",https://newyork.craigslist.org/brx/reb/d/bronx-huge-bedroom-great-location/7493195387.html
7494069579,"*** Huge, Bright 2 Bedroom Near Major Hospital***","$2,000",https://newyork.craigslist.org/brx/reb/d/bronx-huge-bright-bedroom-near-major/7494069579.html
7494962142,***Huge 1 Bedroom Great Location***,"$2,050",https://newyork.craigslist.org/brx/reb/d/bronx-huge-bedroom-great-location/7494962142.html
7493195115,"*** Huge, Bright 2 Bedroom Near Major Hospital***","$2,000",https://newyork.craigslist.org/brx/reb/d/bronx-huge-bright-bedroom-near-major/7493195115.html
7493195261,Room for Hospital staff,$950,https://newyork.craigslist.org/brx/reb/d/bronx-room-for-hospital-staff/7493195261.html
7493194728,Room for Hospital staff,$950,https://newyork.craigslist.org/brx/reb/d/bronx-room-for-hospital-staff/7493194728.html
7493112964,Room for Hospital staff,$950,https://newyork.craigslist.org/brx/reb/d/bronx-room-for-hospital-staff/7493112964.html
7493113137,***Huge 1 Bedroom Great Location***,"$2,050",https://newyork.craigslist.org/brx/reb/d/bronx-huge-bedroom-great-location/7493113137.html
7499455168,LARGE 2 BED NEAR HUNTS POINT,"$1,750",https://newyork.craigslist.org/brx/reb/d/bronx-large-bed-near-hunts-point/7499455168.html
7499455092,***Large 3 Bedroom North Riverdale***,"$2,442",https://newyork.craigslist.org/brx/reb/d/bronx-large-bedroom-north-riverdale/7499455092.html
7499455005,Room for Hospital staff,$950,https://newyork.craigslist.org/brx/reb/d/bronx-room-for-hospital-staff/7499455005.html
7499452881,HUGE LUXURY 1 BED  2100 DOORMAN GYM LUX LIFE!!,"$2,183",https://newyork.craigslist.org/wch/reb/d/yonkers-huge-luxury-bed-2100-doorman/7499452881.html
7499452767,"*** Huge, Bright 2 Bedroom Near Major Hospital***","$2,000",https://newyork.craigslist.org/brx/reb/d/bronx-huge-bright-bedroom-near-major/7499452767.html
7495909425,2 Family Detached House  - 5 Livable Rooms - Near St Johns University,"$922,000",https://newyork.craigslist.org/que/reo/d/fresh-meadows-family-detached-house/7495909425.html
7499452285,***Large 3 Bedroom North Riverdale***,"$2,442",https://newyork.craigslist.org/brx/reb/d/bronx-large-bedroom-north-riverdale/7499452285.html
7499452030,***Huge 1 Bedroom Great Location***,"$2,050",https://newyork.craigslist.org/brx/reb/d/bronx-huge-bedroom-great-location/7499452030.html
7499447198,***Spacious Sun-Filled 2 Bedroom near Husdson River***,"$2,000",https://newyork.craigslist.org/wch/reb/d/yonkers-spacious-sun-filled-bedroom/7499447198.html
7500677069,Spacious Room for rent Great Location,$900,https://newyork.craigslist.org/brx/reb/d/bronx-spacious-room-for-rent-great/7500677069.html
7500681643,Spacious Room for rent Great Location,$900,https://newyork.craigslist.org/brx/reb/d/bronx-spacious-room-for-rent-great/7500681643.html
7499959225,3 Bedroom Quiet Location,"$2,750",https://newyork.craigslist.org/brx/reb/d/bronx-bedroom-quiet-location/7499959225.html
7500853429,Spacious Room for rent Great Location,$900,https://newyork.craigslist.org/brx/reb/d/bronx-spacious-room-for-rent-great/7500853429.html
7499959068,LARGE 2 BED NEAR HUNTS POINT,"$1,750",https://newyork.craigslist.org/brx/reb/d/bronx-large-bed-near-hunts-point/7499959068.html
7499957796,****Huge 1 Bedroom near Glenwood Metro-North*****,"$1,650",https://newyork.craigslist.org/wch/reb/d/yonkers-huge-bedroom-near-glenwood/7499957796.html
7499956316,Spacious Room for rent Great Location,$900,https://newyork.craigslist.org/brx/reb/d/bronx-spacious-room-for-rent-great/7499956316.html
7499956452,Spacious Room for rent Great Location,$900,https://newyork.craigslist.org/brx/reb/d/bronx-spacious-room-for-rent-great/7499956452.html
7500853517,Spacious Room for rent Great Location,$900,https://newyork.craigslist.org/brx/reb/d/bronx-spacious-room-for-rent-great/7500853517.html
7500853601,Spacious Room for rent Great Location,$900,https://newyork.craigslist.org/brx/reb/d/bronx-spacious-room-for-rent-great/7500853601.html
7500859034,Spacious Room for rent Great Location,$900,https://newyork.craigslist.org/brx/reb/d/bronx-spacious-room-for-rent-great/7500859034.html
7500859240,Spacious Room for rent Great Location,$900,https://newyork.craigslist.org/brx/reb/d/bronx-spacious-room-for-rent-great/7500859240.html
7500859309,Spacious Room for rent Great Location,$900,https://newyork.craigslist.org/brx/reb/d/bronx-spacious-room-for-rent-great/7500859309.html
7500859375,Spacious Room for rent Great Location,$900,https://newyork.craigslist.org/brx/reb/d/bronx-spacious-room-for-rent-great/7500859375.html
7500859441,Spacious Room for rent Great Location,$900,https://newyork.craigslist.org/brx/reb/d/bronx-spacious-room-for-rent-great/7500859441.html
7499955952,Room for Hospital staff,$950,https://newyork.craigslist.org/brx/reb/d/bronx-room-for-hospital-staff/7499955952.html
7499952018,Room for Hospital staff,$950,https://newyork.craigslist.org/brx/reb/d/bronx-room-for-hospital-staff/7499952018.html
7499920933,Spacious Studio for Sale- Great Deal,"$150,000",https://newyork.craigslist.org/brx/reb/d/bronx-spacious-studio-for-sale-great/7499920933.html
7500864121,***Large 3 Bedroom North Riverdale***,"$2,442",https://newyork.craigslist.org/brx/reb/d/bronx-large-bedroom-north-riverdale/7500864121.html
7500864354,Spacious Room for rent Great Location,$900,https://newyork.craigslist.org/brx/reb/d/bronx-spacious-room-for-rent-great/7500864354.html
7500864511,Spacious Room for rent Great Location,$900,https://newyork.craigslist.org/brx/reb/d/bronx-spacious-room-for-rent-great/7500864511.html
7500877478,Spacious Room for rent Great Location,$900,https://newyork.craigslist.org/brx/reb/d/bronx-spacious-room-for-rent-great/7500877478.html
7499920731,Huge 1 bedroom  MT. Vernon,"$1,600",https://newyork.craigslist.org/wch/reb/d/mount-vernon-huge-bedroom-mt-vernon/7499920731.html
7501833502,Room for Hospital staff,$950,https://newyork.craigslist.org/brx/reb/d/bronx-room-for-hospital-staff/7501833502.html
7501832894,***Huge 1 Bedroom Great Location***,"$2,050",https://newyork.craigslist.org/brx/reb/d/bronx-huge-bedroom-great-location/7501832894.html
7501820939,Room for Hospital staff,$950,https://newyork.craigslist.org/brx/reb/d/bronx-room-for-hospital-staff/7501820939.html
7501820791,Large 1 Bedroom Near Broadway,"$1,675",https://newyork.craigslist.org/mnh/reb/d/new-york-large-bedroom-near-broadway/7501820791.html
7501820692,Spacious Room for rent Great Location,$900,https://newyork.craigslist.org/brx/reb/d/bronx-spacious-room-for-rent-great/7501820692.html
7501820603,Spacious Room for rent Great Location,$900,https://newyork.craigslist.org/brx/reb/d/bronx-spacious-room-for-rent-great/7501820603.html
7501820447,Spacious Room for rent Great Location,$900,https://newyork.craigslist.org/brx/reb/d/bronx-spacious-room-for-rent-great/7501820447.html
7501769452,Room for Hospital staff,$950,https://newyork.craigslist.org/brx/reb/d/bronx-room-for-hospital-staff/7501769452.html
7501769117,HUGE LUXURY 1 BED  2100 DOORMAN GYM LUX LIFE!!,"$2,183",https://newyork.craigslist.org/wch/reb/d/yonkers-huge-luxury-bed-2100-doorman/7501769117.html
7500688618,***Large 3 Bedroom North Riverdale***,"$2,442",https://newyork.craigslist.org/brx/reb/d/bronx-large-bedroom-north-riverdale/7500688618.html
7500690533,Spacious Studio for Sale- Great Deal,"$150,000",https://newyork.craigslist.org/brx/reb/d/bronx-spacious-studio-for-sale-great/7500690533.html
7500698817,Spacious Room for rent Great Location,$900,https://newyork.craigslist.org/brx/reb/d/bronx-spacious-room-for-rent-great/7500698817.html
7500698928,Spacious Room for rent Great Location,$900,https://newyork.craigslist.org/brx/reb/d/bronx-spacious-room-for-rent-great/7500698928.html
7500699047,Spacious Room for rent Great Location,$900,https://newyork.craigslist.org/brx/reb/d/bronx-spacious-room-for-rent-great/7500699047.html
7500699118,Spacious Studio for Sale- Great Deal,"$150,000",https://newyork.craigslist.org/brx/reb/d/bronx-spacious-studio-for-sale-great/7500699118.html
7500699244,Spacious Studio for Sale- Great Deal,"$150,000",https://newyork.craigslist.org/brx/reb/d/bronx-spacious-studio-for-sale-great/7500699244.html
7500729721,Spacious Room for rent Great Location,$900,https://newyork.craigslist.org/brx/reb/d/bronx-spacious-room-for-rent-great/7500729721.html
7500731685,Spacious Room for rent Great Location,$900,https://newyork.craigslist.org/brx/reb/d/bronx-spacious-room-for-rent-great/7500731685.html
7500731811,Spacious Room for rent Great Location,$900,https://newyork.craigslist.org/brx/reb/d/bronx-spacious-room-for-rent-great/7500731811.html
7500731997,Huge 1 bedroom  MT. Vernon,"$1,600",https://newyork.craigslist.org/wch/reb/d/mount-vernon-huge-bedroom-mt-vernon/7500731997.html
7500732108,Huge 1 bedroom  MT. Vernon,"$1,600",https://newyork.craigslist.org/wch/reb/d/mount-vernon-huge-bedroom-mt-vernon/7500732108.html
7500732222,Huge 1 bedroom  MT. Vernon,"$1,600",https://newyork.craigslist.org/wch/reb/d/mount-vernon-huge-bedroom-mt-vernon/7500732222.html
7500736009,Spacious Studio for Sale- Great Deal,"$150,000",https://newyork.craigslist.org/brx/reb/d/bronx-spacious-studio-for-sale-great/7500736009.html
7500737986,Spacious Room for rent Great Location,$900,https://newyork.craigslist.org/brx/reb/d/bronx-spacious-room-for-rent-great/7500737986.html
7500738185,Spacious Studio for Sale- Great Deal,"$150,000",https://newyork.craigslist.org/brx/reb/d/bronx-spacious-studio-for-sale-great/7500738185.html
7500738775,Huge 1 bedroom  MT. Vernon,"$1,600",https://newyork.craigslist.org/wch/reb/d/mount-vernon-huge-bedroom-mt-vernon/7500738775.html
7500738909,Spacious Studio for Sale- Great Deal,"$150,000",https://newyork.craigslist.org/brx/reb/d/bronx-spacious-studio-for-sale-great/7500738909.html
7500739130,Spacious Room for rent Great Location,$900,https://newyork.craigslist.org/brx/reb/d/bronx-spacious-room-for-rent-great/7500739130.html
7500758479,Spacious Room for rent Great Location,$900,https://newyork.craigslist.org/brx/reb/d/bronx-spacious-room-for-rent-great/7500758479.html
7500767785,Spacious Room for rent Great Location,$900,https://newyork.craigslist.org/brx/reb/d/bronx-spacious-room-for-rent-great/7500767785.html
7500767883,Spacious Room for rent Great Location,$900,https://newyork.craigslist.org/brx/reb/d/bronx-spacious-room-for-rent-great/7500767883.html
7500767970,Spacious Room for rent Great Location,$900,https://newyork.craigslist.org/brx/reb/d/bronx-spacious-room-for-rent-great/7500767970.html
7500768070,Huge 1 bedroom  MT. Vernon,"$1,600",https://newyork.craigslist.org/wch/reb/d/mount-vernon-huge-bedroom-mt-vernon/7500768070.html
7500768141,Huge 1 bedroom  MT. Vernon,"$1,600",https://newyork.craigslist.org/wch/reb/d/mount-vernon-huge-bedroom-mt-vernon/7500768141.html
7500770101,Spacious Studio for Sale- Great Deal,"$150,000",https://newyork.craigslist.org/brx/reb/d/bronx-spacious-studio-for-sale-great/7500770101.html
7500770222,Spacious Room for rent Great Location,$900,https://newyork.craigslist.org/brx/reb/d/bronx-spacious-room-for-rent-great/7500770222.html
7500770338,Spacious Room for rent Great Location,$900,https://newyork.craigslist.org/brx/reb/d/bronx-spacious-room-for-rent-great/7500770338.html
7500770582,Spacious Room for rent Great Location,$900,https://newyork.craigslist.org/brx/reb/d/bronx-spacious-room-for-rent-great/7500770582.html
7500774818,Spacious Room for rent Great Location,$900,https://newyork.craigslist.org/brx/reb/d/bronx-spacious-room-for-rent-great/7500774818.html
7500774922,Spacious Room for rent Great Location,$900,https://newyork.craigslist.org/brx/reb/d/bronx-spacious-room-for-rent-great/7500774922.html
7500775176,Huge 1 bedroom  MT. Vernon,"$1,600",https://newyork.craigslist.org/wch/reb/d/mount-vernon-huge-bedroom-mt-vernon/7500775176.html
7500775386,***Large 3 Bedroom North Riverdale***,"$2,442",https://newyork.craigslist.org/brx/reb/d/bronx-large-bedroom-north-riverdale/7500775386.html
7500777253,Spacious Room for rent Great Location,$900,https://newyork.craigslist.org/brx/reb/d/bronx-spacious-room-for-rent-great/7500777253.html
7500777726,Spacious Studio for Sale- Great Deal,"$150,000",https://newyork.craigslist.org/brx/reb/d/bronx-spacious-studio-for-sale-great/7500777726.html
7500777899,Spacious Studio for Sale- Great Deal,"$150,000",https://newyork.craigslist.org/brx/reb/d/bronx-spacious-studio-for-sale-great/7500777899.html
7500778270,Spacious Room for rent Great Location,$900,https://newyork.craigslist.org/brx/reb/d/bronx-spacious-room-for-rent-great/7500778270.html
7501486139,***Huge 1 Bedroom Great Location***,"$2,050",https://newyork.craigslist.org/brx/reb/d/bronx-huge-bedroom-great-location/7501486139.html
7501479693,"*** Huge, Bright 2 Bedroom Near Major Hospital***","$2,000",https://newyork.craigslist.org/brx/reb/d/bronx-huge-bright-bedroom-near-major/7501479693.html
7501479338,***Huge 1 Bedroom Great Location***,"$2,050",https://newyork.craigslist.org/brx/reb/d/bronx-huge-bedroom-great-location/7501479338.html
7501479234,Spacious Room for rent Great Location,$900,https://newyork.craigslist.org/brx/reb/d/bronx-spacious-room-for-rent-great/7501479234.html
7501479073,"*** Huge, Bright 2 Bedroom Near Major Hospital***","$2,000",https://newyork.craigslist.org/brx/reb/d/bronx-huge-bright-bedroom-near-major/7501479073.html
7501478997,****Huge 1 Bedroom near Glenwood Metro-North*****,"$1,650",https://newyork.craigslist.org/wch/reb/d/yonkers-huge-bedroom-near-glenwood/7501478997.html
7501469143,"*** Huge, Bright 2 Bedroom Near Major Hospital***","$2,000",https://newyork.craigslist.org/brx/reb/d/bronx-huge-bright-bedroom-near-major/7501469143.html
7501469069,Room for Hospital staff,$950,https://newyork.craigslist.org/brx/reb/d/bronx-room-for-hospital-staff/7501469069.html
7501468970,"*** Huge, Bright 2 Bedroom Near Major Hospital***","$2,000",https://newyork.craigslist.org/brx/reb/d/bronx-huge-bright-bedroom-near-major/7501468970.html
7501468895,"*** Huge, Bright 2 Bedroom Near Major Hospital***","$2,000",https://newyork.craigslist.org/brx/reb/d/bronx-huge-bright-bedroom-near-major/7501468895.html
7501468806,Spacious Room for rent Great Location,$900,https://newyork.craigslist.org/brx/reb/d/bronx-spacious-room-for-rent-great/7501468806.html
7501467296,"*** Huge, Bright 2 Bedroom Near Major Hospital***","$2,100",https://newyork.craigslist.org/brx/reb/d/bronx-huge-bright-bedroom-near-major/7501467296.html
7501467180,***Large 3 Bedroom North Riverdale***,"$2,442",https://newyork.craigslist.org/brx/reb/d/bronx-large-bedroom-north-riverdale/7501467180.html
7501467084,****Huge 1 Bedroom near Glenwood Metro-North*****,"$1,650",https://newyork.craigslist.org/wch/reb/d/yonkers-huge-bedroom-near-glenwood/7501467084.html
7501466982,***Large 3 Bedroom North Riverdale***,"$2,442",https://newyork.craigslist.org/brx/reb/d/bronx-large-bedroom-north-riverdale/7501466982.html
7500978513,"9.8 acre land in Orange County, N.Y.","$99,000",https://newyork.craigslist.org/mnh/reo/d/bullville-98-acre-land-in-orange-county/7500978513.html
7501465353,"*** Huge, Bright 2 Bedroom Near Major Hospital***","$2,000",https://newyork.craigslist.org/brx/reb/d/bronx-huge-bright-bedroom-near-major/7501465353.html
7501465276,***Spacious Sun-Filled 2 Bedroom near Husdson River***,"$2,000",https://newyork.craigslist.org/wch/reb/d/yonkers-spacious-sun-filled-bedroom/7501465276.html
7500976519,"9.8 acre land in Orange County, N.Y.","$99,000",https://newyork.craigslist.org/brk/reo/d/bullville-98-acre-land-in-orange-county/7500976519.html
7501465173,"*** Huge, Bright 2 Bedroom Near Major Hospital***","$2,000",https://newyork.craigslist.org/brx/reb/d/bronx-huge-bright-bedroom-near-major/7501465173.html
7496782589,9.8 acres in Orange County NY,"$99,000",https://newyork.craigslist.org/brx/reo/d/bullville-98-acres-in-orange-county-ny/7496782589.html
7496785014,"9.8 acre land in Orange County, N.Y.","$99,000",https://newyork.craigslist.org/que/reo/d/bullville-98-acre-land-in-orange-county/7496785014.html
7496788563,"9.8 acre land in Orange County, N.Y.","$99,000",https://newyork.craigslist.org/lgi/reo/d/bullville-98-acre-land-in-orange-county/7496788563.html
7496792703,"9.8 acre land in Orange County, N.Y.","$99,000",https://newyork.craigslist.org/mnh/reo/d/bullville-98-acre-land-in-orange-county/7496792703.html
7496797297,"9.8 acre land in Orange County, N.Y.","$99,000",https://newyork.craigslist.org/jsy/reo/d/bullville-98-acre-land-in-orange-county/7496797297.html
7496857446,"9.8 acre land in Orange County, N.Y.","$99,000",https://newyork.craigslist.org/fct/reo/d/bullville-98-acre-land-in-orange-county/7496857446.html
7496859643,"9.8 acre land in Orange County, N.Y.","$99,000",https://newyork.craigslist.org/stn/reo/d/bullville-98-acre-land-in-orange-county/7496859643.html
7501465041,"*** Huge, Bright 2 Bedroom Near Major Hospital***","$2,000",https://newyork.craigslist.org/brx/reb/d/bronx-huge-bright-bedroom-near-major/7501465041.html
7501464914,****Huge 1 Bedroom near Glenwood Metro-North*****,"$1,650",https://newyork.craigslist.org/wch/reb/d/yonkers-huge-bedroom-near-glenwood/7501464914.html
7499094524,"*** Huge, Bright 2 Bedroom Near Major Hospital***","$2,000",https://newyork.craigslist.org/brx/reb/d/bronx-huge-bright-bedroom-near-major/7499094524.html
7498144045,Room for Hospital staff,$950,https://newyork.craigslist.org/brx/reb/d/bronx-room-for-hospital-staff/7498144045.html
7498148120,HUGE LUXURY 1 BED  2100 DOORMAN GYM LUX LIFE!!,"$2,183",https://newyork.craigslist.org/wch/reb/d/yonkers-huge-luxury-bed-2100-doorman/7498148120.html
7494961841,OFF MARKET MULTI FAMILY,"$4,000,000",https://newyork.craigslist.org/wch/reb/d/mount-vernon-off-market-multi-family/7494961841.html
7494986200,The Best Yonkers 1/2/3 Bedrooms AVAILABLE NOW,"$1,500",https://newyork.craigslist.org/wch/reb/d/yonkers-the-best-yonkers-bedrooms/7494986200.html
7494992204,NO MONTHLY FEES/NO INTEREST EVER!!!,"$350,000",https://newyork.craigslist.org/brx/reb/d/bronx-no-monthly-fees-no-interest-ever/7494992204.html
7494986987,REAL ESTATE WANTS YOU!!!,$1,https://newyork.craigslist.org/stn/reb/d/staten-island-real-estate-wants-you/7494986987.html
7494986780,RENTAL SPECIALS ON YONKERS WATERFRONT AND MORE!!!,"$1,899",https://newyork.craigslist.org/wch/reb/d/yonkers-rental-specials-on-yonkers/7494986780.html
7494999282,DAILY OPEN HOUSE/ PRE APPROVALS/APTS-HOUSES,$1,https://newyork.craigslist.org/brx/reb/d/bronx-daily-open-house-pre-approvals/7494999282.html
7496523432,HOLA!  VIVA LA MEXICO AFFORDABLE LUXURY (PropTech),"$171,000",https://newyork.craigslist.org/mnh/reb/d/bronx-hola-viva-la-mexico-affordable/7496523432.html
7497915835,NO MONTHLY FEES/NO INTEREST EVER!!!,"$350,000",https://newyork.craigslist.org/brx/reb/d/bronx-no-monthly-fees-no-interest-ever/7497915835.html
7497919134,REAL ESTATE WANTS YOU!!!,$0,https://newyork.craigslist.org/que/reb/d/staten-island-real-estate-wants-you/7497919134.html
7497918439,REAL ESTATE WANTS YOU!!!,$1,https://newyork.craigslist.org/stn/reb/d/staten-island-real-estate-wants-you/7497918439.html
7497921126,The Best Yonkers 1/2/3 Bedrooms AVAILABLE NOW,"$1,500",https://newyork.craigslist.org/wch/reb/d/yonkers-the-best-yonkers-bedrooms/7497921126.html
7498148467,***Large 3 Bedroom North Riverdale***,"$2,442",https://newyork.craigslist.org/brx/reb/d/bronx-large-bedroom-north-riverdale/7498148467.html
7499447080,LARGE 2 BED NEAR HUNTS POINT,"$1,750",https://newyork.craigslist.org/brx/reb/d/bronx-large-bed-near-hunts-point/7499447080.html
7499442005,***Huge 1 Bedroom Great Location***,"$2,050",https://newyork.craigslist.org/brx/reb/d/bronx-huge-bedroom-great-location/7499442005.html
7499441660,HUGE LUXURY 1 BED  2100 DOORMAN GYM LUX LIFE!!,"$2,183",https://newyork.craigslist.org/wch/reb/d/yonkers-huge-luxury-bed-2100-doorman/7499441660.html
7499441469,HUGE LUXURY 1 BED  2100 DOORMAN GYM LUX LIFE!!,"$2,183",https://newyork.craigslist.org/wch/reb/d/yonkers-huge-luxury-bed-2100-doorman/7499441469.html
7499279701,HUGE LUXURY 1 BED  2100 DOORMAN GYM LUX LIFE!!,"$2,183",https://newyork.craigslist.org/wch/reb/d/yonkers-huge-luxury-bed-2100-doorman/7499279701.html
7499274402,Room for Hospital staff,$950,https://newyork.craigslist.org/brx/reb/d/bronx-room-for-hospital-staff/7499274402.html
7499279555,Huge 1 bedroom  MT. Vernon,"$1,600",https://newyork.craigslist.org/wch/reb/d/mount-vernon-huge-bedroom-mt-vernon/7499279555.html
7499274130,Huge 1 bedroom  MT. Vernon,"$1,600",https://newyork.craigslist.org/wch/reb/d/mount-vernon-huge-bedroom-mt-vernon/7499274130.html
7499274224,***Large 3 Bedroom North Riverdale***,"$2,442",https://newyork.craigslist.org/brx/reb/d/bronx-large-bedroom-north-riverdale/7499274224.html
7499099592,***Huge 1 Bedroom Great Location***,"$2,050",https://newyork.craigslist.org/brx/reb/d/bronx-huge-bedroom-great-location/7499099592.html
7499274052,***Huge 1 Bedroom Great Location***,"$2,050",https://newyork.craigslist.org/brx/reb/d/bronx-huge-bedroom-great-location/7499274052.html
7498136493,***Spacious Sun-Filled 2 Bedroom near Husdson River***,"$2,000",https://newyork.craigslist.org/wch/reb/d/yonkers-spacious-sun-filled-bedroom/7498136493.html
7499098320,Spacious Studio for Sale- Great Deal,"$150,000",https://newyork.craigslist.org/brx/reb/d/bronx-spacious-studio-for-sale-great/7499098320.html
7499098251,HUGE LUXURY 1 BED  2100 DOORMAN GYM LUX LIFE!!,"$2,183",https://newyork.craigslist.org/wch/reb/d/yonkers-huge-luxury-bed-2100-doorman/7499098251.html
7498136412,***Spacious Sun-Filled 2 Bedroom near Husdson River***,"$2,000",https://newyork.craigslist.org/wch/reb/d/yonkers-spacious-sun-filled-bedroom/7498136412.html
7499098171,Spacious Room for rent Great Location,$900,https://newyork.craigslist.org/brx/reb/d/bronx-spacious-room-for-rent-great/7499098171.html
7499098074,Large 1 Bedroom Near Broadway,"$1,675",https://newyork.craigslist.org/mnh/reb/d/new-york-large-bedroom-near-broadway/7499098074.html
7499096861,Spacious Room for rent Great Location,$900,https://newyork.craigslist.org/brx/reb/d/bronx-spacious-room-for-rent-great/7499096861.html
7499098011,***Large 3 Bedroom North Riverdale***,"$2,442",https://newyork.craigslist.org/brx/reb/d/bronx-large-bedroom-north-riverdale/7499098011.html
7497916482,RENTAL SPECIALS ON YONKERS WATERFRONT AND MORE!!!,"$1,899",https://newyork.craigslist.org/wch/reb/d/yonkers-rental-specials-on-yonkers/7497916482.html
7499096931,3 Bedroom Quiet Location,"$2,750",https://newyork.craigslist.org/brx/reb/d/bronx-bedroom-quiet-location/7499096931.html
7499094722,LARGE 2 BED NEAR HUNTS POINT,"$1,750",https://newyork.craigslist.org/brx/reb/d/bronx-large-bed-near-hunts-point/7499094722.html
7499096702,Spacious Room for rent close to transit,$900,https://newyork.craigslist.org/brx/reb/d/bronx-spacious-room-for-rent-close-to/7499096702.html
7499096713,"*** Huge, Bright 2 Bedroom Near Major Hospital***","$2,000",https://newyork.craigslist.org/brx/reb/d/bronx-huge-bright-bedroom-near-major/7499096713.html
7499096779,Room for Hospital staff,$950,https://newyork.craigslist.org/brx/reb/d/bronx-room-for-hospital-staff/7499096779.html
7500204192,***Large 3 Bedroom North Riverdale***,"$2,442",https://newyork.craigslist.org/brx/reb/d/bronx-large-bedroom-north-riverdale/7500204192.html
7499751314,****1 Bedroom Near Bronx/Yonkers****,"$1,625",https://newyork.craigslist.org/wch/reb/d/yonkers-bedroom-near-bronx-yonkers/7499751314.html
7499751384,HUGE LUXURY 1 BED  2100 DOORMAN GYM LUX LIFE!!,"$2,100",https://newyork.craigslist.org/wch/reb/d/yonkers-huge-luxury-bed-2100-doorman/7499751384.html
7499751651,****1 Bedroom Near Bronx/Yonkers****,"$1,625",https://newyork.craigslist.org/wch/reb/d/yonkers-bedroom-near-bronx-yonkers/7499751651.html
7499762118,HUGE LUXURY 1 BED  2100 DOORMAN GYM LUX LIFE!!,"$2,100",https://newyork.craigslist.org/wch/reb/d/yonkers-huge-luxury-bed-2100-doorman/7499762118.html
7499762343,HUGE LUXURY 1 BED  2100 DOORMAN GYM LUX LIFE!!,"$2,100",https://newyork.craigslist.org/wch/reb/d/yonkers-huge-luxury-bed-2100-doorman/7499762343.html
7497858186,HUGE LUXURY 1 BED  2100 DOORMAN GYM LUX LIFE!!,"$2,100",https://newyork.craigslist.org/wch/reb/d/yonkers-huge-luxury-bed-2100-doorman/7497858186.html
7499749568,****1 Bedroom Near Bronx/Yonkers****,"$1,625",https://newyork.craigslist.org/wch/reb/d/yonkers-bedroom-near-bronx-yonkers/7499749568.html
7499762812,****1 Bedroom Near Bronx/Yonkers****,"$1,750",https://newyork.craigslist.org/wch/reb/d/yonkers-bedroom-near-bronx-yonkers/7499762812.html
7497858499,HUGE LUXURY 1 BED  2100 DOORMAN GYM LUX LIFE!!,"$2,100",https://newyork.craigslist.org/wch/reb/d/yonkers-huge-luxury-bed-2100-doorman/7497858499.html
7497858621,HUGE LUXURY 1 BED  2100 DOORMAN GYM LUX LIFE!!,"$1,900",https://newyork.craigslist.org/wch/reb/d/yonkers-huge-luxury-bed-2100-doorman/7497858621.html
7498136300,****1 Bedroom Near Bronx/Yonkers****,"$1,750",https://newyork.craigslist.org/wch/reb/d/yonkers-bedroom-near-bronx-yonkers/7498136300.html
7497861708,HUGE LUXURY 1 BED  2100 DOORMAN GYM LUX LIFE!!,"$2,100",https://newyork.craigslist.org/wch/reb/d/yonkers-huge-luxury-bed-2100-doorman/7497861708.html
7497858733,HUGE LUXURY 1 BED  2100 DOORMAN GYM LUX LIFE!!,"$2,100",https://newyork.craigslist.org/wch/reb/d/yonkers-huge-luxury-bed-2100-doorman/7497858733.html
7497865932,****1 Bedroom Near Bronx/Yonkers****,"$1,625",https://newyork.craigslist.org/wch/reb/d/yonkers-bedroom-near-bronx-yonkers/7497865932.html
7497866480,HUGE LUXURY 1 BED  2100 DOORMAN GYM LUX LIFE!!,"$2,100",https://newyork.craigslist.org/wch/reb/d/yonkers-huge-luxury-bed-2100-doorman/7497866480.html
7497863408,****1 Bedroom Near Bronx/Yonkers****,"$1,625",https://newyork.craigslist.org/wch/reb/d/yonkers-bedroom-near-bronx-yonkers/7497863408.html
7499454918,HUGE LUXURY 1 BED  2100 DOORMAN GYM LUX LIFE!!,"$2,100",https://newyork.craigslist.org/wch/reb/d/yonkers-huge-luxury-bed-2100-doorman/7499454918.html
7499452512,****1 Bedroom Near Bronx/Yonkers****,"$1,625",https://newyork.craigslist.org/wch/reb/d/yonkers-bedroom-near-bronx-yonkers/7499452512.html
7497865712,****1 Bedroom Near Bronx/Yonkers****,"$1,625",https://newyork.craigslist.org/wch/reb/d/yonkers-bedroom-near-bronx-yonkers/7497865712.html
7499957922,****1 Bedroom Near Bronx/Yonkers****,"$1,625",https://newyork.craigslist.org/wch/reb/d/yonkers-bedroom-near-bronx-yonkers/7499957922.html
7500681754,Spacious CVR Unit Available for rent,"$1,800",https://newyork.craigslist.org/wch/reb/d/yonkers-spacious-cvr-unit-available-for/7500681754.html
7499952777,****1 Bedroom Near Bronx/Yonkers****,"$1,625",https://newyork.craigslist.org/wch/reb/d/yonkers-bedroom-near-bronx-yonkers/7499952777.html
7499921012,HUGE LUXURY 1 BED  2100 DOORMAN GYM LUX LIFE!!,"$2,100",https://newyork.craigslist.org/wch/reb/d/yonkers-huge-luxury-bed-2100-doorman/7499921012.html
7499920856,HUGE LUXURY 1 BED  2100 DOORMAN GYM LUX LIFE!!,"$2,100",https://newyork.craigslist.org/wch/reb/d/yonkers-huge-luxury-bed-2100-doorman/7499920856.html
7499951930,HUGE LUXURY 1 BED  2100 DOORMAN GYM LUX LIFE!!,"$2,100",https://newyork.craigslist.org/wch/reb/d/yonkers-huge-luxury-bed-2100-doorman/7499951930.html
7500688865,****1 Bedroom Near Bronx/Yonkers****,"$1,625",https://newyork.craigslist.org/wch/reb/d/yonkers-bedroom-near-bronx-yonkers/7500688865.html
7501833374,HUGE LUXURY 1 BED  2100 DOORMAN GYM LUX LIFE!!,"$2,100",https://newyork.craigslist.org/wch/reb/d/yonkers-huge-luxury-bed-2100-doorman/7501833374.html
7500690208,****1 Bedroom Near Bronx/Yonkers****,"$1,625",https://newyork.craigslist.org/wch/reb/d/yonkers-bedroom-near-bronx-yonkers/7500690208.html
7499955876,HUGE LUXURY 1 BED  2100 DOORMAN GYM LUX LIFE!!,"$2,100",https://newyork.craigslist.org/wch/reb/d/yonkers-huge-luxury-bed-2100-doorman/7499955876.html
7500676900,Spacious CVR Unit Available for rent,"$1,800",https://newyork.craigslist.org/wch/reb/d/yonkers-spacious-cvr-unit-available-for/7500676900.html
7500778104,****1 Bedroom Near Bronx/Yonkers****,"$1,625",https://newyork.craigslist.org/wch/reb/d/yonkers-bedroom-near-bronx-yonkers/7500778104.html
7500690361,Spacious CVR Unit Available for rent,"$1,800",https://newyork.craigslist.org/wch/reb/d/yonkers-spacious-cvr-unit-available-for/7500690361.html
7501467371,****1 Bedroom Near Bronx/Yonkers****,"$1,625",https://newyork.craigslist.org/wch/reb/d/yonkers-bedroom-near-bronx-yonkers/7501467371.html
7497861577,HUGE LUXURY 1 BED  2100 DOORMAN GYM LUX LIFE!!,"$1,900",https://newyork.craigslist.org/wch/reb/d/yonkers-huge-luxury-bed-2100-doorman/7497861577.html
7498148234,HUGE LUXURY 1 BED  2100 DOORMAN GYM LUX LIFE!!,"$2,100",https://newyork.craigslist.org/wch/reb/d/yonkers-huge-luxury-bed-2100-doorman/7498148234.html
7498136154,HUGE LUXURY 1 BED  2100 DOORMAN GYM LUX LIFE!!,"$2,100",https://newyork.craigslist.org/wch/reb/d/yonkers-huge-luxury-bed-2100-doorman/7498136154.html
7499446167,****1 Bedroom Near Bronx/Yonkers****,"$1,625",https://newyork.craigslist.org/wch/reb/d/yonkers-bedroom-near-bronx-yonkers/7499446167.html
7499441748,HUGE LUXURY 1 BED  2100 DOORMAN GYM LUX LIFE!!,"$2,100",https://newyork.craigslist.org/wch/reb/d/yonkers-huge-luxury-bed-2100-doorman/7499441748.html
7499442093,HUGE LUXURY 1 BED  2100 DOORMAN GYM LUX LIFE!!,"$2,100",https://newyork.craigslist.org/wch/reb/d/yonkers-huge-luxury-bed-2100-doorman/7499442093.html
7498140209,****1 Bedroom Near Bronx/Yonkers****,"$1,625",https://newyork.craigslist.org/wch/reb/d/yonkers-bedroom-near-bronx-yonkers/7498140209.html
7499274323,HUGE LUXURY 1 BED  2100 DOORMAN GYM LUX LIFE!!,"$2,100",https://newyork.craigslist.org/wch/reb/d/yonkers-huge-luxury-bed-2100-doorman/7499274323.html
7498143125,HUGE LUXURY 1 BED  2100 DOORMAN GYM LUX LIFE!!,"$2,100",https://newyork.craigslist.org/wch/reb/d/yonkers-huge-luxury-bed-2100-doorman/7498143125.html
7499094593,****1 Bedroom Near Bronx/Yonkers****,"$1,625",https://newyork.craigslist.org/wch/reb/d/yonkers-bedroom-near-bronx-yonkers/7499094593.html
7494551636,East Coast Flys 2 West Coast Laguna Beach CA,"$1,729,000",https://newyork.craigslist.org/mnh/reb/d/laguna-beach-east-coast-flys-west-coast/7494551636.html
7501857125,Spacious Room for rent Great Location,$900,https://newyork.craigslist.org/brx/reb/d/bronx-spacious-room-for-rent-great/7501857125.html
7501852165,Spacious Room for rent Great Location,$900,https://newyork.craigslist.org/brx/reb/d/bronx-spacious-room-for-rent-great/7501852165.html
7501848071,***Large 3 Bedroom North Riverdale***,"$2,442",https://newyork.craigslist.org/brx/reb/d/bronx-large-bedroom-north-riverdale/7501848071.html
7501847966,"*** Huge, Bright 2 Bedroom Near Major Hospital***","$2,100",https://newyork.craigslist.org/brx/reb/d/bronx-huge-bright-bedroom-near-major/7501847966.html
7501847498,Spacious Room for rent Great Location,$900,https://newyork.craigslist.org/brx/reb/d/bronx-spacious-room-for-rent-great/7501847498.html
7501851993,HUGE LUXURY 1 BED  2100 DOORMAN GYM LUX LIFE!!,"$2,100",https://newyork.craigslist.org/wch/reb/d/yonkers-huge-luxury-bed-2100-doorman/7501851993.html
7501847391,****Huge 1 Bedroom near Glenwood Metro-North*****,"$1,650",https://newyork.craigslist.org/wch/reb/d/yonkers-huge-bedroom-near-glenwood/7501847391.html
7501847199,***Large 3 Bedroom North Riverdale***,"$2,442",https://newyork.craigslist.org/brx/reb/d/bronx-large-bedroom-north-riverdale/7501847199.html
7501836734,Spacious Room for rent Great Location,$900,https://newyork.craigslist.org/brx/reb/d/bronx-spacious-room-for-rent-great/7501836734.html
7501835921,Spacious Room for rent Great Location,$900,https://newyork.craigslist.org/brx/reb/d/bronx-spacious-room-for-rent-great/7501835921.html
7501836080,HUGE LUXURY 1 BED  2100 DOORMAN GYM LUX LIFE!!,"$2,100",https://newyork.craigslist.org/wch/reb/d/yonkers-huge-luxury-bed-2100-doorman/7501836080.html
7501835568,***Large 3 Bedroom North Riverdale***,"$2,442",https://newyork.craigslist.org/brx/reb/d/bronx-large-bedroom-north-riverdale/7501835568.html
7501835695,"*** Huge, Bright 2 Bedroom Near Major Hospital***","$2,000",https://newyork.craigslist.org/brx/reb/d/bronx-huge-bright-bedroom-near-major/7501835695.html
7500682024,Spacious Room for rent Great Location,$900,https://newyork.craigslist.org/brx/reb/d/bronx-spacious-room-for-rent-great/7500682024.html
7500681909,Spacious Room for rent Great Location,$900,https://newyork.craigslist.org/brx/reb/d/bronx-spacious-room-for-rent-great/7500681909.html
7500681831,Spacious Studio for Sale- Great Deal,"$150,000",https://newyork.craigslist.org/brx/reb/d/bronx-spacious-studio-for-sale-great/7500681831.html
7501833643,***Large 3 Bedroom North Riverdale***,"$2,442",https://newyork.craigslist.org/brx/reb/d/bronx-large-bedroom-north-riverdale/7501833643.html
7500683458,Spacious Room for rent Great Location,$900,https://newyork.craigslist.org/brx/reb/d/bronx-spacious-room-for-rent-great/7500683458.html
7501833788,Spacious Room for rent Great Location,$900,https://newyork.craigslist.org/brx/reb/d/bronx-spacious-room-for-rent-great/7501833788.html
7501857303,"*** Huge, Bright 2 Bedroom Near Major Hospital***","$2,000",https://newyork.craigslist.org/brx/reb/d/bronx-huge-bright-bedroom-near-major/7501857303.html
7500688133,Spacious Room for rent Great Location,$900,https://newyork.craigslist.org/brx/reb/d/bronx-spacious-room-for-rent-great/7500688133.html
7500688400,Spacious Room for rent Great Location,$900,https://newyork.craigslist.org/brx/reb/d/bronx-spacious-room-for-rent-great/7500688400.html
7500688517,****1 Bedroom Near Bronx/Yonkers****,"$1,625",https://newyork.craigslist.org/wch/reb/d/yonkers-bedroom-near-bronx-yonkers/7500688517.html
7500683978,****1 Bedroom Near Bronx/Yonkers****,"$1,625",https://newyork.craigslist.org/wch/reb/d/yonkers-bedroom-near-bronx-yonkers/7500683978.html
7500683838,Spacious Room for rent Great Location,$900,https://newyork.craigslist.org/brx/reb/d/bronx-spacious-room-for-rent-great/7500683838.html
7500683741,Huge 1 bedroom  MT. Vernon,"$1,600",https://newyork.craigslist.org/wch/reb/d/mount-vernon-huge-bedroom-mt-vernon/7500683741.html
7499962276,HUGE LUXURY 1 BED  2100 DOORMAN GYM LUX LIFE!!,"$2,183",https://newyork.craigslist.org/wch/reb/d/yonkers-huge-luxury-bed-2100-doorman/7499962276.html
7500853320,Spacious Room for rent Great Location,$900,https://newyork.craigslist.org/brx/reb/d/bronx-spacious-room-for-rent-great/7500853320.html
7500852808,Spacious Room for rent Great Location,$900,https://newyork.craigslist.org/brx/reb/d/bronx-spacious-room-for-rent-great/7500852808.html
7500794118,Spacious Room for rent Great Location,$900,https://newyork.craigslist.org/brx/reb/d/bronx-spacious-room-for-rent-great/7500794118.html
7500793944,****1 Bedroom Near Bronx/Yonkers****,"$1,625",https://newyork.craigslist.org/wch/reb/d/yonkers-bedroom-near-bronx-yonkers/7500793944.html
7500683604,Spacious Studio for Sale- Great Deal,"$150,000",https://newyork.craigslist.org/brx/reb/d/bronx-spacious-studio-for-sale-great/7500683604.html
7501870731,Spacious Room for rent Great Location,$900,https://newyork.craigslist.org/brx/reb/d/bronx-spacious-room-for-rent-great/7501870731.html
7504597121,Apartment for rent NO FEE,"$3,800",https://newyork.craigslist.org/mnh/reb/d/new-york-apartment-for-rent-no-fee/7504597121.html
7501870899,****Huge 1 Bedroom near Glenwood Metro-North*****,"$1,650",https://newyork.craigslist.org/wch/reb/d/yonkers-huge-bedroom-near-glenwood/7501870899.html
7501870993,Spacious Room for rent Great Location,$900,https://newyork.craigslist.org/brx/reb/d/bronx-spacious-room-for-rent-great/7501870993.html
7501871119,"*** Huge, Bright 2 Bedroom Near Major Hospital***","$2,100",https://newyork.craigslist.org/brx/reb/d/bronx-huge-bright-bedroom-near-major/7501871119.html
7501871219,****1 Bedroom Near Bronx/Yonkers****,"$1,625",https://newyork.craigslist.org/wch/reb/d/yonkers-bedroom-near-bronx-yonkers/7501871219.html
7499099714,Room for Hospital staff,$950,https://newyork.craigslist.org/brx/reb/d/bronx-room-for-hospital-staff/7499099714.html
7495210469,"LOVELY 1 BEDROOM | $1,750 | UTILITIES INCLUDED | NEAR ROY WILKINS PARK","$1,750",https://newyork.craigslist.org/que/reb/d/jamaica-lovely-bedroom-utilities/7495210469.html
7498424986,Affordable Midtown East Studios for Sale,"$295,000",https://newyork.craigslist.org/mnh/reb/d/new-york-affordable-midtown-east/7498424986.html
7495516850,When the rental market is tight...,"$295,000",https://newyork.craigslist.org/mnh/reb/d/new-york-when-the-rental-market-is-tight/7495516850.html
7499093870,More space for your money,"$350,000",https://newyork.craigslist.org/mnh/reb/d/new-york-more-space-for-your-money/7499093870.html
